principal__diagnosis,year,crude_rate
Respiratory condition,2018-19,39.735516
Asthma,2018-19,4.0828273
Breathing abnormalities,2018-19,5.7559859
Chest pain,2018-19,25.641756
Burns,2018-19,3.8146416
Respiratory condition,2019-20,44.154035
Asthma,2019-20,5.4798312
Breathing abnormalities,2019-20,6.4417584
Chest pain,2019-20,25.278185
Burns,2019-20,3.6860735
